date,platform,region,spend
01/07/2025,Internet,eastern,2644.875161290323
01/07/2025,Internet,northern,246.0316129032258
01/07/2025,Internet,southern,308.8816129032258
01/07/2025,Internet,western,58.096774193548384
01/07/2025,Press,western,421.20161290322585
01/07/2025,Production & Installation,western,31.79
01/07/2025,Radio,central,285.4916129032258
01/07/2025,Radio,eastern,2203.5751612903227
01/07/2025,Radio,northern,3643.956451612903
01/07/2025,Radio,southern,1637.4541935483871
01/07/2025,Radio,western,1442.5774193548386
01/07/2025,Television,central,317.76129032258063
01/07/2025,Television,eastern,7174.891612903226
01/07/2025,Television,northern,8724.777096774193
01/07/2025,Television,southern,4560.661290322581
01/07/2025,Television,western,2871.8390322580644
01/08/2025,Internet,eastern,87.14516129032258
01/08/2025,Internet,northern,245.97290322580645
01/08/2025,Internet,southern,329.7961290322581
01/08/2025,Internet,western,72.62096774193549
01/08/2025,Press,western,639.0645161290323
01/08/2025,Production & Installation,western,19.364516129032257
01/08/2025,Radio,central,278.17161290322576
01/08/2025,Radio,eastern,1893.1393548387098
01/08/2025,Radio,northern,4009.928709677419
01/08/2025,Radio,southern,1497.768064516129
01/08/2025,Radio,western,1921.99
01/08/2025,Television,central,311.4874193548387
01/08/2025,Television,eastern,7472.734193548387
01/08/2025,Television,northern,9884.253870967743
01/08/2025,Television,southern,3781.643870967742
01/08/2025,Television,western,3039.304516129032
01/09/2025,Internet,eastern,90.05
01/09/2025,Internet,northern,254.20200000000003
01/09/2025,Internet,southern,319.2083333333333
01/09/2025,Internet,western,45.025
01/09/2025,Press,western,330.18333333333334
01/09/2025,Production & Installation,western,20.009999999999998
01/09/2025,Radio,central,316.55966666666666
01/09/2025,Radio,eastern,1709.5303333333334
01/09/2025,Radio,northern,3492.4126666666666
01/09/2025,Radio,southern,1484.6016666666667
01/09/2025,Radio,western,1086.7553333333335
01/09/2025,Television,central,200.21166666666667
01/09/2025,Television,eastern,9402.355
01/09/2025,Television,northern,10718.037666666667
01/09/2025,Television,southern,7316.226333333334
01/09/2025,Television,western,2740.5029999999997
02/07/2025,Internet,eastern,2644.875161290323
02/07/2025,Internet,northern,246.0316129032258
02/07/2025,Internet,southern,308.8816129032258
02/07/2025,Internet,western,58.096774193548384
02/07/2025,Press,western,421.20161290322585
02/07/2025,Production & Installation,western,31.79
02/07/2025,Radio,central,285.4916129032258
02/07/2025,Radio,eastern,2203.5751612903227
02/07/2025,Radio,northern,3643.956451612903
02/07/2025,Radio,southern,1637.4541935483871
02/07/2025,Radio,western,1442.5774193548386
02/07/2025,Television,central,317.76129032258063
02/07/2025,Television,eastern,7174.891612903226
02/07/2025,Television,northern,8724.777096774193
02/07/2025,Television,southern,4560.661290322581
02/07/2025,Television,western,2871.8390322580644
02/08/2025,Internet,eastern,87.14516129032258
02/08/2025,Internet,northern,245.97290322580645
02/08/2025,Internet,southern,329.7961290322581
02/08/2025,Internet,western,72.62096774193549
02/08/2025,Press,western,639.0645161290323
02/08/2025,Production & Installation,western,19.364516129032257
02/08/2025,Radio,central,278.17161290322576
02/08/2025,Radio,eastern,1893.1393548387098
02/08/2025,Radio,northern,4009.928709677419
02/08/2025,Radio,southern,1497.768064516129
02/08/2025,Radio,western,1921.99
02/08/2025,Television,central,311.4874193548387
02/08/2025,Television,eastern,7472.734193548387
02/08/2025,Television,northern,9884.253870967743
02/08/2025,Television,southern,3781.643870967742
02/08/2025,Television,western,3039.304516129032
02/09/2025,Internet,eastern,90.05
02/09/2025,Internet,northern,254.20200000000003
02/09/2025,Internet,southern,319.2083333333333
02/09/2025,Internet,western,45.025
02/09/2025,Press,western,330.18333333333334
02/09/2025,Production & Installation,western,20.009999999999998
02/09/2025,Radio,central,316.55966666666666
02/09/2025,Radio,eastern,1709.5303333333334
02/09/2025,Radio,northern,3492.4126666666666
02/09/2025,Radio,southern,1484.6016666666667
02/09/2025,Radio,western,1086.7553333333335
02/09/2025,Television,central,200.21166666666667
02/09/2025,Television,eastern,9402.355
02/09/2025,Television,northern,10718.037666666667
02/09/2025,Television,southern,7316.226333333334
02/09/2025,Television,western,2740.5029999999997
03/07/2025,Internet,eastern,2644.875161290323
03/07/2025,Internet,northern,246.0316129032258
03/07/2025,Internet,southern,308.8816129032258
03/07/2025,Internet,western,58.096774193548384
03/07/2025,Press,western,421.20161290322585
03/07/2025,Production & Installation,western,31.79
03/07/2025,Radio,central,285.4916129032258
03/07/2025,Radio,eastern,2203.5751612903227
03/07/2025,Radio,northern,3643.956451612903
03/07/2025,Radio,southern,1637.4541935483871
03/07/2025,Radio,western,1442.5774193548386
03/07/2025,Television,central,317.76129032258063
03/07/2025,Television,eastern,7174.891612903226
03/07/2025,Television,northern,8724.777096774193
03/07/2025,Television,southern,4560.661290322581
03/07/2025,Television,western,2871.8390322580644
03/08/2025,Internet,eastern,87.14516129032258
03/08/2025,Internet,northern,245.97290322580645
03/08/2025,Internet,southern,329.7961290322581
03/08/2025,Internet,western,72.62096774193549
03/08/2025,Press,western,639.0645161290323
03/08/2025,Production & Installation,western,19.364516129032257
03/08/2025,Radio,central,278.17161290322576
03/08/2025,Radio,eastern,1893.1393548387098
03/08/2025,Radio,northern,4009.928709677419
03/08/2025,Radio,southern,1497.768064516129
03/08/2025,Radio,western,1921.99
03/08/2025,Television,central,311.4874193548387
03/08/2025,Television,eastern,7472.734193548387
03/08/2025,Television,northern,9884.253870967743
03/08/2025,Television,southern,3781.643870967742
03/08/2025,Television,western,3039.304516129032
03/09/2025,Internet,eastern,90.05
03/09/2025,Internet,northern,254.20200000000003
03/09/2025,Internet,southern,319.2083333333333
03/09/2025,Internet,western,45.025
03/09/2025,Press,western,330.18333333333334
03/09/2025,Production & Installation,western,20.009999999999998
03/09/2025,Radio,central,316.55966666666666
03/09/2025,Radio,eastern,1709.5303333333334
03/09/2025,Radio,northern,3492.4126666666666
03/09/2025,Radio,southern,1484.6016666666667
03/09/2025,Radio,western,1086.7553333333335
03/09/2025,Television,central,200.21166666666667
03/09/2025,Television,eastern,9402.355
03/09/2025,Television,northern,10718.037666666667
03/09/2025,Television,southern,7316.226333333334
03/09/2025,Television,western,2740.5029999999997
04/07/2025,Internet,eastern,2644.875161290323
04/07/2025,Internet,northern,246.0316129032258
04/07/2025,Internet,southern,308.8816129032258
04/07/2025,Internet,western,58.096774193548384
04/07/2025,Press,western,421.20161290322585
04/07/2025,Production & Installation,western,31.79
04/07/2025,Radio,central,285.4916129032258
04/07/2025,Radio,eastern,2203.5751612903227
04/07/2025,Radio,northern,3643.956451612903
04/07/2025,Radio,southern,1637.4541935483871
04/07/2025,Radio,western,1442.5774193548386
04/07/2025,Television,central,317.76129032258063
04/07/2025,Television,eastern,7174.891612903226
04/07/2025,Television,northern,8724.777096774193
04/07/2025,Television,southern,4560.661290322581
04/07/2025,Television,western,2871.8390322580644
04/08/2025,Internet,eastern,87.14516129032258
04/08/2025,Internet,northern,245.97290322580645
04/08/2025,Internet,southern,329.7961290322581
04/08/2025,Internet,western,72.62096774193549
04/08/2025,Press,western,639.0645161290323
04/08/2025,Production & Installation,western,19.364516129032257
04/08/2025,Radio,central,278.17161290322576
04/08/2025,Radio,eastern,1893.1393548387098
04/08/2025,Radio,northern,4009.928709677419
04/08/2025,Radio,southern,1497.768064516129
04/08/2025,Radio,western,1921.99
04/08/2025,Television,central,311.4874193548387
04/08/2025,Television,eastern,7472.734193548387
04/08/2025,Television,northern,9884.253870967743
04/08/2025,Television,southern,3781.643870967742
04/08/2025,Television,western,3039.304516129032
04/09/2025,Internet,eastern,90.05
04/09/2025,Internet,northern,254.20200000000003
04/09/2025,Internet,southern,319.2083333333333
04/09/2025,Internet,western,45.025
04/09/2025,Press,western,330.18333333333334
04/09/2025,Production & Installation,western,20.009999999999998
04/09/2025,Radio,central,316.55966666666666
04/09/2025,Radio,eastern,1709.5303333333334
04/09/2025,Radio,northern,3492.4126666666666
04/09/2025,Radio,southern,1484.6016666666667
04/09/2025,Radio,western,1086.7553333333335
04/09/2025,Television,central,200.21166666666667
04/09/2025,Television,eastern,9402.355
04/09/2025,Television,northern,10718.037666666667
04/09/2025,Television,southern,7316.226333333334
04/09/2025,Television,western,2740.5029999999997
05/07/2025,Internet,eastern,2644.875161290323
05/07/2025,Internet,northern,246.0316129032258
05/07/2025,Internet,southern,308.8816129032258
05/07/2025,Internet,western,58.096774193548384
05/07/2025,Press,western,421.20161290322585
05/07/2025,Production & Installation,western,31.79
05/07/2025,Radio,central,285.4916129032258
05/07/2025,Radio,eastern,2203.5751612903227
05/07/2025,Radio,northern,3643.956451612903
05/07/2025,Radio,southern,1637.4541935483871
05/07/2025,Radio,western,1442.5774193548386
05/07/2025,Television,central,317.76129032258063
05/07/2025,Television,eastern,7174.891612903226
05/07/2025,Television,northern,8724.777096774193
05/07/2025,Television,southern,4560.661290322581
05/07/2025,Television,western,2871.8390322580644
05/08/2025,Internet,eastern,87.14516129032258
05/08/2025,Internet,northern,245.97290322580645
05/08/2025,Internet,southern,329.7961290322581
05/08/2025,Internet,western,72.62096774193549
05/08/2025,Press,western,639.0645161290323
05/08/2025,Production & Installation,western,19.364516129032257
05/08/2025,Radio,central,278.17161290322576
05/08/2025,Radio,eastern,1893.1393548387098
05/08/2025,Radio,northern,4009.928709677419
05/08/2025,Radio,southern,1497.768064516129
05/08/2025,Radio,western,1921.99
05/08/2025,Television,central,311.4874193548387
05/08/2025,Television,eastern,7472.734193548387
05/08/2025,Television,northern,9884.253870967743
05/08/2025,Television,southern,3781.643870967742
05/08/2025,Television,western,3039.304516129032
05/09/2025,Internet,eastern,90.05
05/09/2025,Internet,northern,254.20200000000003
05/09/2025,Internet,southern,319.2083333333333
05/09/2025,Internet,western,45.025
05/09/2025,Press,western,330.18333333333334
05/09/2025,Production & Installation,western,20.009999999999998
05/09/2025,Radio,central,316.55966666666666
05/09/2025,Radio,eastern,1709.5303333333334
05/09/2025,Radio,northern,3492.4126666666666
05/09/2025,Radio,southern,1484.6016666666667
05/09/2025,Radio,western,1086.7553333333335
05/09/2025,Television,central,200.21166666666667
05/09/2025,Television,eastern,9402.355
05/09/2025,Television,northern,10718.037666666667
05/09/2025,Television,southern,7316.226333333334
05/09/2025,Television,western,2740.5029999999997
06/07/2025,Internet,eastern,2644.875161290323
06/07/2025,Internet,northern,246.0316129032258
06/07/2025,Internet,southern,308.8816129032258
06/07/2025,Internet,western,58.096774193548384
06/07/2025,Press,western,421.20161290322585
06/07/2025,Production & Installation,western,31.79
06/07/2025,Radio,central,285.4916129032258
06/07/2025,Radio,eastern,2203.5751612903227
06/07/2025,Radio,northern,3643.956451612903
06/07/2025,Radio,southern,1637.4541935483871
06/07/2025,Radio,western,1442.5774193548386
06/07/2025,Television,central,317.76129032258063
06/07/2025,Television,eastern,7174.891612903226
06/07/2025,Television,northern,8724.777096774193
06/07/2025,Television,southern,4560.661290322581
06/07/2025,Television,western,2871.8390322580644
06/08/2025,Internet,eastern,87.14516129032258
06/08/2025,Internet,northern,245.97290322580645
06/08/2025,Internet,southern,329.7961290322581
06/08/2025,Internet,western,72.62096774193549
06/08/2025,Press,western,639.0645161290323
06/08/2025,Production & Installation,western,19.364516129032257
06/08/2025,Radio,central,278.17161290322576
06/08/2025,Radio,eastern,1893.1393548387098
06/08/2025,Radio,northern,4009.928709677419
06/08/2025,Radio,southern,1497.768064516129
06/08/2025,Radio,western,1921.99
06/08/2025,Television,central,311.4874193548387
06/08/2025,Television,eastern,7472.734193548387
06/08/2025,Television,northern,9884.253870967743
06/08/2025,Television,southern,3781.643870967742
06/08/2025,Television,western,3039.304516129032
06/09/2025,Internet,eastern,90.05
06/09/2025,Internet,northern,254.20200000000003
06/09/2025,Internet,southern,319.2083333333333
06/09/2025,Internet,western,45.025
06/09/2025,Press,western,330.18333333333334
06/09/2025,Production & Installation,western,20.009999999999998
06/09/2025,Radio,central,316.55966666666666
06/09/2025,Radio,eastern,1709.5303333333334
06/09/2025,Radio,northern,3492.4126666666666
06/09/2025,Radio,southern,1484.6016666666667
06/09/2025,Radio,western,1086.7553333333335
06/09/2025,Television,central,200.21166666666667
06/09/2025,Television,eastern,9402.355
06/09/2025,Television,northern,10718.037666666667
06/09/2025,Television,southern,7316.226333333334
06/09/2025,Television,western,2740.5029999999997
07/07/2025,Internet,eastern,2644.875161290323
07/07/2025,Internet,northern,246.0316129032258
07/07/2025,Internet,southern,308.8816129032258
07/07/2025,Internet,western,58.096774193548384
07/07/2025,Press,western,421.20161290322585
07/07/2025,Production & Installation,western,31.79
07/07/2025,Radio,central,285.4916129032258
07/07/2025,Radio,eastern,2203.5751612903227
07/07/2025,Radio,northern,3643.956451612903
07/07/2025,Radio,southern,1637.4541935483871
07/07/2025,Radio,western,1442.5774193548386
07/07/2025,Television,central,317.76129032258063
07/07/2025,Television,eastern,7174.891612903226
07/07/2025,Television,northern,8724.777096774193
07/07/2025,Television,southern,4560.661290322581
07/07/2025,Television,western,2871.8390322580644
07/08/2025,Internet,eastern,87.14516129032258
07/08/2025,Internet,northern,245.97290322580645
07/08/2025,Internet,southern,329.7961290322581
07/08/2025,Internet,western,72.62096774193549
07/08/2025,Press,western,639.0645161290323
07/08/2025,Production & Installation,western,19.364516129032257
07/08/2025,Radio,central,278.17161290322576
07/08/2025,Radio,eastern,1893.1393548387098
07/08/2025,Radio,northern,4009.928709677419
07/08/2025,Radio,southern,1497.768064516129
07/08/2025,Radio,western,1921.99
07/08/2025,Television,central,311.4874193548387
07/08/2025,Television,eastern,7472.734193548387
07/08/2025,Television,northern,9884.253870967743
07/08/2025,Television,southern,3781.643870967742
07/08/2025,Television,western,3039.304516129032
07/09/2025,Internet,eastern,90.05
07/09/2025,Internet,northern,254.20200000000003
07/09/2025,Internet,southern,319.2083333333333
07/09/2025,Internet,western,45.025
07/09/2025,Press,western,330.18333333333334
07/09/2025,Production & Installation,western,20.009999999999998
07/09/2025,Radio,central,316.55966666666666
07/09/2025,Radio,eastern,1709.5303333333334
07/09/2025,Radio,northern,3492.4126666666666
07/09/2025,Radio,southern,1484.6016666666667
07/09/2025,Radio,western,1086.7553333333335
07/09/2025,Television,central,200.21166666666667
07/09/2025,Television,eastern,9402.355
07/09/2025,Television,northern,10718.037666666667
07/09/2025,Television,southern,7316.226333333334
07/09/2025,Television,western,2740.5029999999997
08/07/2025,Internet,eastern,2644.875161290323
08/07/2025,Internet,northern,246.0316129032258
08/07/2025,Internet,southern,308.8816129032258
08/07/2025,Internet,western,58.096774193548384
08/07/2025,Press,western,421.20161290322585
08/07/2025,Production & Installation,western,31.79
08/07/2025,Radio,central,285.4916129032258
08/07/2025,Radio,eastern,2203.5751612903227
08/07/2025,Radio,northern,3643.956451612903
08/07/2025,Radio,southern,1637.4541935483871
08/07/2025,Radio,western,1442.5774193548386
08/07/2025,Television,central,317.76129032258063
08/07/2025,Television,eastern,7174.891612903226
08/07/2025,Television,northern,8724.777096774193
08/07/2025,Television,southern,4560.661290322581
08/07/2025,Television,western,2871.8390322580644
08/08/2025,Internet,eastern,87.14516129032258
08/08/2025,Internet,northern,245.97290322580645
08/08/2025,Internet,southern,329.7961290322581
08/08/2025,Internet,western,72.62096774193549
08/08/2025,Press,western,639.0645161290323
08/08/2025,Production & Installation,western,19.364516129032257
08/08/2025,Radio,central,278.17161290322576
08/08/2025,Radio,eastern,1893.1393548387098
08/08/2025,Radio,northern,4009.928709677419
08/08/2025,Radio,southern,1497.768064516129
08/08/2025,Radio,western,1921.99
08/08/2025,Television,central,311.4874193548387
08/08/2025,Television,eastern,7472.734193548387
08/08/2025,Television,northern,9884.253870967743
08/08/2025,Television,southern,3781.643870967742
08/08/2025,Television,western,3039.304516129032
08/09/2025,Internet,eastern,90.05
08/09/2025,Internet,northern,254.20200000000003
08/09/2025,Internet,southern,319.2083333333333
08/09/2025,Internet,western,45.025
08/09/2025,Press,western,330.18333333333334
08/09/2025,Production & Installation,western,20.009999999999998
08/09/2025,Radio,central,316.55966666666666
08/09/2025,Radio,eastern,1709.5303333333334
08/09/2025,Radio,northern,3492.4126666666666
08/09/2025,Radio,southern,1484.6016666666667
08/09/2025,Radio,western,1086.7553333333335
08/09/2025,Television,central,200.21166666666667
08/09/2025,Television,eastern,9402.355
08/09/2025,Television,northern,10718.037666666667
08/09/2025,Television,southern,7316.226333333334
08/09/2025,Television,western,2740.5029999999997
09/07/2025,Internet,eastern,2644.875161290323
09/07/2025,Internet,northern,246.0316129032258
09/07/2025,Internet,southern,308.8816129032258
09/07/2025,Internet,western,58.096774193548384
09/07/2025,Press,western,421.20161290322585
09/07/2025,Production & Installation,western,31.79
09/07/2025,Radio,central,285.4916129032258
09/07/2025,Radio,eastern,2203.5751612903227
09/07/2025,Radio,northern,3643.956451612903
09/07/2025,Radio,southern,1637.4541935483871
09/07/2025,Radio,western,1442.5774193548386
09/07/2025,Television,central,317.76129032258063
09/07/2025,Television,eastern,7174.891612903226
09/07/2025,Television,northern,8724.777096774193
09/07/2025,Television,southern,4560.661290322581
09/07/2025,Television,western,2871.8390322580644
09/08/2025,Internet,eastern,87.14516129032258
09/08/2025,Internet,northern,245.97290322580645
09/08/2025,Internet,southern,329.7961290322581
09/08/2025,Internet,western,72.62096774193549
09/08/2025,Press,western,639.0645161290323
09/08/2025,Production & Installation,western,19.364516129032257
09/08/2025,Radio,central,278.17161290322576
09/08/2025,Radio,eastern,1893.1393548387098
09/08/2025,Radio,northern,4009.928709677419
09/08/2025,Radio,southern,1497.768064516129
09/08/2025,Radio,western,1921.99
09/08/2025,Television,central,311.4874193548387
09/08/2025,Television,eastern,7472.734193548387
09/08/2025,Television,northern,9884.253870967743
09/08/2025,Television,southern,3781.643870967742
09/08/2025,Television,western,3039.304516129032
09/09/2025,Internet,eastern,90.05
09/09/2025,Internet,northern,254.20200000000003
09/09/2025,Internet,southern,319.2083333333333
09/09/2025,Internet,western,45.025
09/09/2025,Press,western,330.18333333333334
09/09/2025,Production & Installation,western,20.009999999999998
09/09/2025,Radio,central,316.55966666666666
09/09/2025,Radio,eastern,1709.5303333333334
09/09/2025,Radio,northern,3492.4126666666666
09/09/2025,Radio,southern,1484.6016666666667
09/09/2025,Radio,western,1086.7553333333335
09/09/2025,Television,central,200.21166666666667
09/09/2025,Television,eastern,9402.355
09/09/2025,Television,northern,10718.037666666667
09/09/2025,Television,southern,7316.226333333334
09/09/2025,Television,western,2740.5029999999997
10/07/2025,Internet,eastern,2644.875161290323
10/07/2025,Internet,northern,246.0316129032258
10/07/2025,Internet,southern,308.8816129032258
10/07/2025,Internet,western,58.096774193548384
10/07/2025,Press,western,421.20161290322585
10/07/2025,Production & Installation,western,31.79
10/07/2025,Radio,central,285.4916129032258
10/07/2025,Radio,eastern,2203.5751612903227
10/07/2025,Radio,northern,3643.956451612903
10/07/2025,Radio,southern,1637.4541935483871
10/07/2025,Radio,western,1442.5774193548386
10/07/2025,Television,central,317.76129032258063
10/07/2025,Television,eastern,7174.891612903226
10/07/2025,Television,northern,8724.777096774193
10/07/2025,Television,southern,4560.661290322581
10/07/2025,Television,western,2871.8390322580644
10/08/2025,Internet,eastern,87.14516129032258
10/08/2025,Internet,northern,245.97290322580645
10/08/2025,Internet,southern,329.7961290322581
10/08/2025,Internet,western,72.62096774193549
10/08/2025,Press,western,639.0645161290323
10/08/2025,Production & Installation,western,19.364516129032257
10/08/2025,Radio,central,278.17161290322576
10/08/2025,Radio,eastern,1893.1393548387098
10/08/2025,Radio,northern,4009.928709677419
10/08/2025,Radio,southern,1497.768064516129
10/08/2025,Radio,western,1921.99
10/08/2025,Television,central,311.4874193548387
10/08/2025,Television,eastern,7472.734193548387
10/08/2025,Television,northern,9884.253870967743
10/08/2025,Television,southern,3781.643870967742
10/08/2025,Television,western,3039.304516129032
10/09/2025,Internet,eastern,90.05
10/09/2025,Internet,northern,254.20200000000003
10/09/2025,Internet,southern,319.2083333333333
10/09/2025,Internet,western,45.025
10/09/2025,Press,western,330.18333333333334
10/09/2025,Production & Installation,western,20.009999999999998
10/09/2025,Radio,central,316.55966666666666
10/09/2025,Radio,eastern,1709.5303333333334
10/09/2025,Radio,northern,3492.4126666666666
10/09/2025,Radio,southern,1484.6016666666667
10/09/2025,Radio,western,1086.7553333333335
10/09/2025,Television,central,200.21166666666667
10/09/2025,Television,eastern,9402.355
10/09/2025,Television,northern,10718.037666666667
10/09/2025,Television,southern,7316.226333333334
10/09/2025,Television,western,2740.5029999999997
11/07/2025,Internet,eastern,2644.875161290323
11/07/2025,Internet,northern,246.0316129032258
11/07/2025,Internet,southern,308.8816129032258
11/07/2025,Internet,western,58.096774193548384
11/07/2025,Press,western,421.20161290322585
11/07/2025,Production & Installation,western,31.79
11/07/2025,Radio,central,285.4916129032258
11/07/2025,Radio,eastern,2203.5751612903227
11/07/2025,Radio,northern,3643.956451612903
11/07/2025,Radio,southern,1637.4541935483871
11/07/2025,Radio,western,1442.5774193548386
11/07/2025,Television,central,317.76129032258063
11/07/2025,Television,eastern,7174.891612903226
11/07/2025,Television,northern,8724.777096774193
11/07/2025,Television,southern,4560.661290322581
11/07/2025,Television,western,2871.8390322580644
11/08/2025,Internet,eastern,87.14516129032258
11/08/2025,Internet,northern,245.97290322580645
11/08/2025,Internet,southern,329.7961290322581
11/08/2025,Internet,western,72.62096774193549
11/08/2025,Press,western,639.0645161290323
11/08/2025,Production & Installation,western,19.364516129032257
11/08/2025,Radio,central,278.17161290322576
11/08/2025,Radio,eastern,1893.1393548387098
11/08/2025,Radio,northern,4009.928709677419
11/08/2025,Radio,southern,1497.768064516129
11/08/2025,Radio,western,1921.99
11/08/2025,Television,central,311.4874193548387
11/08/2025,Television,eastern,7472.734193548387
11/08/2025,Television,northern,9884.253870967743
11/08/2025,Television,southern,3781.643870967742
11/08/2025,Television,western,3039.304516129032
11/09/2025,Internet,eastern,90.05
11/09/2025,Internet,northern,254.20200000000003
11/09/2025,Internet,southern,319.2083333333333
11/09/2025,Internet,western,45.025
11/09/2025,Press,western,330.18333333333334
11/09/2025,Production & Installation,western,20.009999999999998
11/09/2025,Radio,central,316.55966666666666
11/09/2025,Radio,eastern,1709.5303333333334
11/09/2025,Radio,northern,3492.4126666666666
11/09/2025,Radio,southern,1484.6016666666667
11/09/2025,Radio,western,1086.7553333333335
11/09/2025,Television,central,200.21166666666667
11/09/2025,Television,eastern,9402.355
11/09/2025,Television,northern,10718.037666666667
11/09/2025,Television,southern,7316.226333333334
11/09/2025,Television,western,2740.5029999999997
12/07/2025,Internet,eastern,2644.875161290323
12/07/2025,Internet,northern,246.0316129032258
12/07/2025,Internet,southern,308.8816129032258
12/07/2025,Internet,western,58.096774193548384
12/07/2025,Press,western,421.20161290322585
12/07/2025,Production & Installation,western,31.79
12/07/2025,Radio,central,285.4916129032258
12/07/2025,Radio,eastern,2203.5751612903227
12/07/2025,Radio,northern,3643.956451612903
12/07/2025,Radio,southern,1637.4541935483871
12/07/2025,Radio,western,1442.5774193548386
12/07/2025,Television,central,317.76129032258063
12/07/2025,Television,eastern,7174.891612903226
12/07/2025,Television,northern,8724.777096774193
12/07/2025,Television,southern,4560.661290322581
12/07/2025,Television,western,2871.8390322580644
12/08/2025,Internet,eastern,87.14516129032258
12/08/2025,Internet,northern,245.97290322580645
12/08/2025,Internet,southern,329.7961290322581
12/08/2025,Internet,western,72.62096774193549
12/08/2025,Press,western,639.0645161290323
12/08/2025,Production & Installation,western,19.364516129032257
12/08/2025,Radio,central,278.17161290322576
12/08/2025,Radio,eastern,1893.1393548387098
12/08/2025,Radio,northern,4009.928709677419
12/08/2025,Radio,southern,1497.768064516129
12/08/2025,Radio,western,1921.99
12/08/2025,Television,central,311.4874193548387
12/08/2025,Television,eastern,7472.734193548387
12/08/2025,Television,northern,9884.253870967743
12/08/2025,Television,southern,3781.643870967742
12/08/2025,Television,western,3039.304516129032
12/09/2025,Internet,eastern,90.05
12/09/2025,Internet,northern,254.20200000000003
12/09/2025,Internet,southern,319.2083333333333
12/09/2025,Internet,western,45.025
12/09/2025,Press,western,330.18333333333334
12/09/2025,Production & Installation,western,20.009999999999998
12/09/2025,Radio,central,316.55966666666666
12/09/2025,Radio,eastern,1709.5303333333334
12/09/2025,Radio,northern,3492.4126666666666
12/09/2025,Radio,southern,1484.6016666666667
12/09/2025,Radio,western,1086.7553333333335
12/09/2025,Television,central,200.21166666666667
12/09/2025,Television,eastern,9402.355
12/09/2025,Television,northern,10718.037666666667
12/09/2025,Television,southern,7316.226333333334
12/09/2025,Television,western,2740.5029999999997
13/07/2025,Internet,eastern,2644.875161290323
13/07/2025,Internet,northern,246.0316129032258
13/07/2025,Internet,southern,308.8816129032258
13/07/2025,Internet,western,58.096774193548384
13/07/2025,Press,western,421.20161290322585
13/07/2025,Production & Installation,western,31.79
13/07/2025,Radio,central,285.4916129032258
13/07/2025,Radio,eastern,2203.5751612903227
13/07/2025,Radio,northern,3643.956451612903
13/07/2025,Radio,southern,1637.4541935483871
13/07/2025,Radio,western,1442.5774193548386
13/07/2025,Television,central,317.76129032258063
13/07/2025,Television,eastern,7174.891612903226
13/07/2025,Television,northern,8724.777096774193
13/07/2025,Television,southern,4560.661290322581
13/07/2025,Television,western,2871.8390322580644
13/08/2025,Internet,eastern,87.14516129032258
13/08/2025,Internet,northern,245.97290322580645
13/08/2025,Internet,southern,329.7961290322581
13/08/2025,Internet,western,72.62096774193549
13/08/2025,Press,western,639.0645161290323
13/08/2025,Production & Installation,western,19.364516129032257
13/08/2025,Radio,central,278.17161290322576
13/08/2025,Radio,eastern,1893.1393548387098
13/08/2025,Radio,northern,4009.928709677419
13/08/2025,Radio,southern,1497.768064516129
13/08/2025,Radio,western,1921.99
13/08/2025,Television,central,311.4874193548387
13/08/2025,Television,eastern,7472.734193548387
13/08/2025,Television,northern,9884.253870967743
13/08/2025,Television,southern,3781.643870967742
13/08/2025,Television,western,3039.304516129032
13/09/2025,Internet,eastern,90.05
13/09/2025,Internet,northern,254.20200000000003
13/09/2025,Internet,southern,319.2083333333333
13/09/2025,Internet,western,45.025
13/09/2025,Press,western,330.18333333333334
13/09/2025,Production & Installation,western,20.009999999999998
13/09/2025,Radio,central,316.55966666666666
13/09/2025,Radio,eastern,1709.5303333333334
13/09/2025,Radio,northern,3492.4126666666666
13/09/2025,Radio,southern,1484.6016666666667
13/09/2025,Radio,western,1086.7553333333335
13/09/2025,Television,central,200.21166666666667
13/09/2025,Television,eastern,9402.355
13/09/2025,Television,northern,10718.037666666667
13/09/2025,Television,southern,7316.226333333334
13/09/2025,Television,western,2740.5029999999997
14/07/2025,Internet,eastern,2644.875161290323
14/07/2025,Internet,northern,246.0316129032258
14/07/2025,Internet,southern,308.8816129032258
14/07/2025,Internet,western,58.096774193548384
14/07/2025,Press,western,421.20161290322585
14/07/2025,Production & Installation,western,31.79
14/07/2025,Radio,central,285.4916129032258
14/07/2025,Radio,eastern,2203.5751612903227
14/07/2025,Radio,northern,3643.956451612903
14/07/2025,Radio,southern,1637.4541935483871
14/07/2025,Radio,western,1442.5774193548386
14/07/2025,Television,central,317.76129032258063
14/07/2025,Television,eastern,7174.891612903226
14/07/2025,Television,northern,8724.777096774193
14/07/2025,Television,southern,4560.661290322581
14/07/2025,Television,western,2871.8390322580644
14/08/2025,Internet,eastern,87.14516129032258
14/08/2025,Internet,northern,245.97290322580645
14/08/2025,Internet,southern,329.7961290322581
14/08/2025,Internet,western,72.62096774193549
14/08/2025,Press,western,639.0645161290323
14/08/2025,Production & Installation,western,19.364516129032257
14/08/2025,Radio,central,278.17161290322576
14/08/2025,Radio,eastern,1893.1393548387098
14/08/2025,Radio,northern,4009.928709677419
14/08/2025,Radio,southern,1497.768064516129
14/08/2025,Radio,western,1921.99
14/08/2025,Television,central,311.4874193548387
14/08/2025,Television,eastern,7472.734193548387
14/08/2025,Television,northern,9884.253870967743
14/08/2025,Television,southern,3781.643870967742
14/08/2025,Television,western,3039.304516129032
14/09/2025,Internet,eastern,90.05
14/09/2025,Internet,northern,254.20200000000003
14/09/2025,Internet,southern,319.2083333333333
14/09/2025,Internet,western,45.025
14/09/2025,Press,western,330.18333333333334
14/09/2025,Production & Installation,western,20.009999999999998
14/09/2025,Radio,central,316.55966666666666
14/09/2025,Radio,eastern,1709.5303333333334
14/09/2025,Radio,northern,3492.4126666666666
14/09/2025,Radio,southern,1484.6016666666667
14/09/2025,Radio,western,1086.7553333333335
14/09/2025,Television,central,200.21166666666667
14/09/2025,Television,eastern,9402.355
14/09/2025,Television,northern,10718.037666666667
14/09/2025,Television,southern,7316.226333333334
14/09/2025,Television,western,2740.5029999999997
15/07/2025,Internet,eastern,2644.875161290323
15/07/2025,Internet,northern,246.0316129032258
15/07/2025,Internet,southern,308.8816129032258
15/07/2025,Internet,western,58.096774193548384
15/07/2025,Press,western,421.20161290322585
15/07/2025,Production & Installation,western,31.79
15/07/2025,Radio,central,285.4916129032258
15/07/2025,Radio,eastern,2203.5751612903227
15/07/2025,Radio,northern,3643.956451612903
15/07/2025,Radio,southern,1637.4541935483871
15/07/2025,Radio,western,1442.5774193548386
15/07/2025,Television,central,317.76129032258063
15/07/2025,Television,eastern,7174.891612903226
15/07/2025,Television,northern,8724.777096774193
15/07/2025,Television,southern,4560.661290322581
15/07/2025,Television,western,2871.8390322580644
15/08/2025,Internet,eastern,87.14516129032258
15/08/2025,Internet,northern,245.97290322580645
15/08/2025,Internet,southern,329.7961290322581
15/08/2025,Internet,western,72.62096774193549
15/08/2025,Press,western,639.0645161290323
15/08/2025,Production & Installation,western,19.364516129032257
15/08/2025,Radio,central,278.17161290322576
15/08/2025,Radio,eastern,1893.1393548387098
15/08/2025,Radio,northern,4009.928709677419
15/08/2025,Radio,southern,1497.768064516129
15/08/2025,Radio,western,1921.99
15/08/2025,Television,central,311.4874193548387
15/08/2025,Television,eastern,7472.734193548387
15/08/2025,Television,northern,9884.253870967743
15/08/2025,Television,southern,3781.643870967742
15/08/2025,Television,western,3039.304516129032
15/09/2025,Internet,eastern,90.05
15/09/2025,Internet,northern,254.20200000000003
15/09/2025,Internet,southern,319.2083333333333
15/09/2025,Internet,western,45.025
15/09/2025,Press,western,330.18333333333334
15/09/2025,Production & Installation,western,20.009999999999998
15/09/2025,Radio,central,316.55966666666666
15/09/2025,Radio,eastern,1709.5303333333334
15/09/2025,Radio,northern,3492.4126666666666
15/09/2025,Radio,southern,1484.6016666666667
15/09/2025,Radio,western,1086.7553333333335
15/09/2025,Television,central,200.21166666666667
15/09/2025,Television,eastern,9402.355
15/09/2025,Television,northern,10718.037666666667
15/09/2025,Television,southern,7316.226333333334
15/09/2025,Television,western,2740.5029999999997
16/07/2025,Internet,eastern,2644.875161290323
16/07/2025,Internet,northern,246.0316129032258
16/07/2025,Internet,southern,308.8816129032258
16/07/2025,Internet,western,58.096774193548384
16/07/2025,Press,western,421.20161290322585
16/07/2025,Production & Installation,western,31.79
16/07/2025,Radio,central,285.4916129032258
16/07/2025,Radio,eastern,2203.5751612903227
16/07/2025,Radio,northern,3643.956451612903
16/07/2025,Radio,southern,1637.4541935483871
16/07/2025,Radio,western,1442.5774193548386
16/07/2025,Television,central,317.76129032258063
16/07/2025,Television,eastern,7174.891612903226
16/07/2025,Television,northern,8724.777096774193
16/07/2025,Television,southern,4560.661290322581
16/07/2025,Television,western,2871.8390322580644
16/08/2025,Internet,eastern,87.14516129032258
16/08/2025,Internet,northern,245.97290322580645
16/08/2025,Internet,southern,329.7961290322581
16/08/2025,Internet,western,72.62096774193549
16/08/2025,Press,western,639.0645161290323
16/08/2025,Production & Installation,western,19.364516129032257
16/08/2025,Radio,central,278.17161290322576
16/08/2025,Radio,eastern,1893.1393548387098
16/08/2025,Radio,northern,4009.928709677419
16/08/2025,Radio,southern,1497.768064516129
16/08/2025,Radio,western,1921.99
16/08/2025,Television,central,311.4874193548387
16/08/2025,Television,eastern,7472.734193548387
16/08/2025,Television,northern,9884.253870967743
16/08/2025,Television,southern,3781.643870967742
16/08/2025,Television,western,3039.304516129032
16/09/2025,Internet,eastern,90.05
16/09/2025,Internet,northern,254.20200000000003
16/09/2025,Internet,southern,319.2083333333333
16/09/2025,Internet,western,45.025
16/09/2025,Press,western,330.18333333333334
16/09/2025,Production & Installation,western,20.009999999999998
16/09/2025,Radio,central,316.55966666666666
16/09/2025,Radio,eastern,1709.5303333333334
16/09/2025,Radio,northern,3492.4126666666666
16/09/2025,Radio,southern,1484.6016666666667
16/09/2025,Radio,western,1086.7553333333335
16/09/2025,Television,central,200.21166666666667
16/09/2025,Television,eastern,9402.355
16/09/2025,Television,northern,10718.037666666667
16/09/2025,Television,southern,7316.226333333334
16/09/2025,Television,western,2740.5029999999997
17/07/2025,Internet,eastern,2644.875161290323
17/07/2025,Internet,northern,246.0316129032258
17/07/2025,Internet,southern,308.8816129032258
17/07/2025,Internet,western,58.096774193548384
17/07/2025,Press,western,421.20161290322585
17/07/2025,Production & Installation,western,31.79
17/07/2025,Radio,central,285.4916129032258
17/07/2025,Radio,eastern,2203.5751612903227
17/07/2025,Radio,northern,3643.956451612903
17/07/2025,Radio,southern,1637.4541935483871
17/07/2025,Radio,western,1442.5774193548386
17/07/2025,Television,central,317.76129032258063
17/07/2025,Television,eastern,7174.891612903226
17/07/2025,Television,northern,8724.777096774193
17/07/2025,Television,southern,4560.661290322581
17/07/2025,Television,western,2871.8390322580644
17/08/2025,Internet,eastern,87.14516129032258
17/08/2025,Internet,northern,245.97290322580645
17/08/2025,Internet,southern,329.7961290322581
17/08/2025,Internet,western,72.62096774193549
17/08/2025,Press,western,639.0645161290323
17/08/2025,Production & Installation,western,19.364516129032257
17/08/2025,Radio,central,278.17161290322576
17/08/2025,Radio,eastern,1893.1393548387098
17/08/2025,Radio,northern,4009.928709677419
17/08/2025,Radio,southern,1497.768064516129
17/08/2025,Radio,western,1921.99
17/08/2025,Television,central,311.4874193548387
17/08/2025,Television,eastern,7472.734193548387
17/08/2025,Television,northern,9884.253870967743
17/08/2025,Television,southern,3781.643870967742
17/08/2025,Television,western,3039.304516129032
17/09/2025,Internet,eastern,90.05
17/09/2025,Internet,northern,254.20200000000003
17/09/2025,Internet,southern,319.2083333333333
17/09/2025,Internet,western,45.025
17/09/2025,Press,western,330.18333333333334
17/09/2025,Production & Installation,western,20.009999999999998
17/09/2025,Radio,central,316.55966666666666
17/09/2025,Radio,eastern,1709.5303333333334
17/09/2025,Radio,northern,3492.4126666666666
17/09/2025,Radio,southern,1484.6016666666667
17/09/2025,Radio,western,1086.7553333333335
17/09/2025,Television,central,200.21166666666667
17/09/2025,Television,eastern,9402.355
17/09/2025,Television,northern,10718.037666666667
17/09/2025,Television,southern,7316.226333333334
17/09/2025,Television,western,2740.5029999999997
18/07/2025,Internet,eastern,2644.875161290323
18/07/2025,Internet,northern,246.0316129032258
18/07/2025,Internet,southern,308.8816129032258
18/07/2025,Internet,western,58.096774193548384
18/07/2025,Press,western,421.20161290322585
18/07/2025,Production & Installation,western,31.79
18/07/2025,Radio,central,285.4916129032258
18/07/2025,Radio,eastern,2203.5751612903227
18/07/2025,Radio,northern,3643.956451612903
18/07/2025,Radio,southern,1637.4541935483871
18/07/2025,Radio,western,1442.5774193548386
18/07/2025,Television,central,317.76129032258063
18/07/2025,Television,eastern,7174.891612903226
18/07/2025,Television,northern,8724.777096774193
18/07/2025,Television,southern,4560.661290322581
18/07/2025,Television,western,2871.8390322580644
18/08/2025,Internet,eastern,87.14516129032258
18/08/2025,Internet,northern,245.97290322580645
18/08/2025,Internet,southern,329.7961290322581
18/08/2025,Internet,western,72.62096774193549
18/08/2025,Press,western,639.0645161290323
18/08/2025,Production & Installation,western,19.364516129032257
18/08/2025,Radio,central,278.17161290322576
18/08/2025,Radio,eastern,1893.1393548387098
18/08/2025,Radio,northern,4009.928709677419
18/08/2025,Radio,southern,1497.768064516129
18/08/2025,Radio,western,1921.99
18/08/2025,Television,central,311.4874193548387
18/08/2025,Television,eastern,7472.734193548387
18/08/2025,Television,northern,9884.253870967743
18/08/2025,Television,southern,3781.643870967742
18/08/2025,Television,western,3039.304516129032
18/09/2025,Internet,eastern,90.05
18/09/2025,Internet,northern,254.20200000000003
18/09/2025,Internet,southern,319.2083333333333
18/09/2025,Internet,western,45.025
18/09/2025,Press,western,330.18333333333334
18/09/2025,Production & Installation,western,20.009999999999998
18/09/2025,Radio,central,316.55966666666666
18/09/2025,Radio,eastern,1709.5303333333334
18/09/2025,Radio,northern,3492.4126666666666
18/09/2025,Radio,southern,1484.6016666666667
18/09/2025,Radio,western,1086.7553333333335
18/09/2025,Television,central,200.21166666666667
18/09/2025,Television,eastern,9402.355
18/09/2025,Television,northern,10718.037666666667
18/09/2025,Television,southern,7316.226333333334
18/09/2025,Television,western,2740.5029999999997
19/07/2025,Internet,eastern,2644.875161290323
19/07/2025,Internet,northern,246.0316129032258
19/07/2025,Internet,southern,308.8816129032258
19/07/2025,Internet,western,58.096774193548384
19/07/2025,Press,western,421.20161290322585
19/07/2025,Production & Installation,western,31.79
19/07/2025,Radio,central,285.4916129032258
19/07/2025,Radio,eastern,2203.5751612903227
19/07/2025,Radio,northern,3643.956451612903
19/07/2025,Radio,southern,1637.4541935483871
19/07/2025,Radio,western,1442.5774193548386
19/07/2025,Television,central,317.76129032258063
19/07/2025,Television,eastern,7174.891612903226
19/07/2025,Television,northern,8724.777096774193
19/07/2025,Television,southern,4560.661290322581
19/07/2025,Television,western,2871.8390322580644
19/08/2025,Internet,eastern,87.14516129032258
19/08/2025,Internet,northern,245.97290322580645
19/08/2025,Internet,southern,329.7961290322581
19/08/2025,Internet,western,72.62096774193549
19/08/2025,Press,western,639.0645161290323
19/08/2025,Production & Installation,western,19.364516129032257
19/08/2025,Radio,central,278.17161290322576
19/08/2025,Radio,eastern,1893.1393548387098
19/08/2025,Radio,northern,4009.928709677419
19/08/2025,Radio,southern,1497.768064516129
19/08/2025,Radio,western,1921.99
19/08/2025,Television,central,311.4874193548387
19/08/2025,Television,eastern,7472.734193548387
19/08/2025,Television,northern,9884.253870967743
19/08/2025,Television,southern,3781.643870967742
19/08/2025,Television,western,3039.304516129032
19/09/2025,Internet,eastern,90.05
19/09/2025,Internet,northern,254.20200000000003
19/09/2025,Internet,southern,319.2083333333333
19/09/2025,Internet,western,45.025
19/09/2025,Press,western,330.18333333333334
19/09/2025,Production & Installation,western,20.009999999999998
19/09/2025,Radio,central,316.55966666666666
19/09/2025,Radio,eastern,1709.5303333333334
19/09/2025,Radio,northern,3492.4126666666666
19/09/2025,Radio,southern,1484.6016666666667
19/09/2025,Radio,western,1086.7553333333335
19/09/2025,Television,central,200.21166666666667
19/09/2025,Television,eastern,9402.355
19/09/2025,Television,northern,10718.037666666667
19/09/2025,Television,southern,7316.226333333334
19/09/2025,Television,western,2740.5029999999997
20/07/2025,Internet,eastern,2644.875161290323
20/07/2025,Internet,northern,246.0316129032258
20/07/2025,Internet,southern,308.8816129032258
20/07/2025,Internet,western,58.096774193548384
20/07/2025,Press,western,421.20161290322585
20/07/2025,Production & Installation,western,31.79
20/07/2025,Radio,central,285.4916129032258
20/07/2025,Radio,eastern,2203.5751612903227
20/07/2025,Radio,northern,3643.956451612903
20/07/2025,Radio,southern,1637.4541935483871
20/07/2025,Radio,western,1442.5774193548386
20/07/2025,Television,central,317.76129032258063
20/07/2025,Television,eastern,7174.891612903226
20/07/2025,Television,northern,8724.777096774193
20/07/2025,Television,southern,4560.661290322581
20/07/2025,Television,western,2871.8390322580644
20/08/2025,Internet,eastern,87.14516129032258
20/08/2025,Internet,northern,245.97290322580645
20/08/2025,Internet,southern,329.7961290322581
20/08/2025,Internet,western,72.62096774193549
20/08/2025,Press,western,639.0645161290323
20/08/2025,Production & Installation,western,19.364516129032257
20/08/2025,Radio,central,278.17161290322576
20/08/2025,Radio,eastern,1893.1393548387098
20/08/2025,Radio,northern,4009.928709677419
20/08/2025,Radio,southern,1497.768064516129
20/08/2025,Radio,western,1921.99
20/08/2025,Television,central,311.4874193548387
20/08/2025,Television,eastern,7472.734193548387
20/08/2025,Television,northern,9884.253870967743
20/08/2025,Television,southern,3781.643870967742
20/08/2025,Television,western,3039.304516129032
20/09/2025,Internet,eastern,90.05
20/09/2025,Internet,northern,254.20200000000003
20/09/2025,Internet,southern,319.2083333333333
20/09/2025,Internet,western,45.025
20/09/2025,Press,western,330.18333333333334
20/09/2025,Production & Installation,western,20.009999999999998
20/09/2025,Radio,central,316.55966666666666
20/09/2025,Radio,eastern,1709.5303333333334
20/09/2025,Radio,northern,3492.4126666666666
20/09/2025,Radio,southern,1484.6016666666667
20/09/2025,Radio,western,1086.7553333333335
20/09/2025,Television,central,200.21166666666667
20/09/2025,Television,eastern,9402.355
20/09/2025,Television,northern,10718.037666666667
20/09/2025,Television,southern,7316.226333333334
20/09/2025,Television,western,2740.5029999999997
21/07/2025,Internet,eastern,2644.875161290323
21/07/2025,Internet,northern,246.0316129032258
21/07/2025,Internet,southern,308.8816129032258
21/07/2025,Internet,western,58.096774193548384
21/07/2025,Press,western,421.20161290322585
21/07/2025,Production & Installation,western,31.79
21/07/2025,Radio,central,285.4916129032258
21/07/2025,Radio,eastern,2203.5751612903227
21/07/2025,Radio,northern,3643.956451612903
21/07/2025,Radio,southern,1637.4541935483871
21/07/2025,Radio,western,1442.5774193548386
21/07/2025,Television,central,317.76129032258063
21/07/2025,Television,eastern,7174.891612903226
21/07/2025,Television,northern,8724.777096774193
21/07/2025,Television,southern,4560.661290322581
21/07/2025,Television,western,2871.8390322580644
21/08/2025,Internet,eastern,87.14516129032258
21/08/2025,Internet,northern,245.97290322580645
21/08/2025,Internet,southern,329.7961290322581
21/08/2025,Internet,western,72.62096774193549
21/08/2025,Press,western,639.0645161290323
21/08/2025,Production & Installation,western,19.364516129032257
21/08/2025,Radio,central,278.17161290322576
21/08/2025,Radio,eastern,1893.1393548387098
21/08/2025,Radio,northern,4009.928709677419
21/08/2025,Radio,southern,1497.768064516129
21/08/2025,Radio,western,1921.99
21/08/2025,Television,central,311.4874193548387
21/08/2025,Television,eastern,7472.734193548387
21/08/2025,Television,northern,9884.253870967743
21/08/2025,Television,southern,3781.643870967742
21/08/2025,Television,western,3039.304516129032
21/09/2025,Internet,eastern,90.05
21/09/2025,Internet,northern,254.20200000000003
21/09/2025,Internet,southern,319.2083333333333
21/09/2025,Internet,western,45.025
21/09/2025,Press,western,330.18333333333334
21/09/2025,Production & Installation,western,20.009999999999998
21/09/2025,Radio,central,316.55966666666666
21/09/2025,Radio,eastern,1709.5303333333334
21/09/2025,Radio,northern,3492.4126666666666
21/09/2025,Radio,southern,1484.6016666666667
21/09/2025,Radio,western,1086.7553333333335
21/09/2025,Television,central,200.21166666666667
21/09/2025,Television,eastern,9402.355
21/09/2025,Television,northern,10718.037666666667
21/09/2025,Television,southern,7316.226333333334
21/09/2025,Television,western,2740.5029999999997
22/07/2025,Internet,eastern,2644.875161290323
22/07/2025,Internet,northern,246.0316129032258
22/07/2025,Internet,southern,308.8816129032258
22/07/2025,Internet,western,58.096774193548384
22/07/2025,Press,western,421.20161290322585
22/07/2025,Production & Installation,western,31.79
22/07/2025,Radio,central,285.4916129032258
22/07/2025,Radio,eastern,2203.5751612903227
22/07/2025,Radio,northern,3643.956451612903
22/07/2025,Radio,southern,1637.4541935483871
22/07/2025,Radio,western,1442.5774193548386
22/07/2025,Television,central,317.76129032258063
22/07/2025,Television,eastern,7174.891612903226
22/07/2025,Television,northern,8724.777096774193
22/07/2025,Television,southern,4560.661290322581
22/07/2025,Television,western,2871.8390322580644
22/08/2025,Internet,eastern,87.14516129032258
22/08/2025,Internet,northern,245.97290322580645
22/08/2025,Internet,southern,329.7961290322581
22/08/2025,Internet,western,72.62096774193549
22/08/2025,Press,western,639.0645161290323
22/08/2025,Production & Installation,western,19.364516129032257
22/08/2025,Radio,central,278.17161290322576
22/08/2025,Radio,eastern,1893.1393548387098
22/08/2025,Radio,northern,4009.928709677419
22/08/2025,Radio,southern,1497.768064516129
22/08/2025,Radio,western,1921.99
22/08/2025,Television,central,311.4874193548387
22/08/2025,Television,eastern,7472.734193548387
22/08/2025,Television,northern,9884.253870967743
22/08/2025,Television,southern,3781.643870967742
22/08/2025,Television,western,3039.304516129032
22/09/2025,Internet,eastern,90.05
22/09/2025,Internet,northern,254.20200000000003
22/09/2025,Internet,southern,319.2083333333333
22/09/2025,Internet,western,45.025
22/09/2025,Press,western,330.18333333333334
22/09/2025,Production & Installation,western,20.009999999999998
22/09/2025,Radio,central,316.55966666666666
22/09/2025,Radio,eastern,1709.5303333333334
22/09/2025,Radio,northern,3492.4126666666666
22/09/2025,Radio,southern,1484.6016666666667
22/09/2025,Radio,western,1086.7553333333335
22/09/2025,Television,central,200.21166666666667
22/09/2025,Television,eastern,9402.355
22/09/2025,Television,northern,10718.037666666667
22/09/2025,Television,southern,7316.226333333334
22/09/2025,Television,western,2740.5029999999997
23/07/2025,Internet,eastern,2644.875161290323
23/07/2025,Internet,northern,246.0316129032258
23/07/2025,Internet,southern,308.8816129032258
23/07/2025,Internet,western,58.096774193548384
23/07/2025,Press,western,421.20161290322585
23/07/2025,Production & Installation,western,31.79
23/07/2025,Radio,central,285.4916129032258
23/07/2025,Radio,eastern,2203.5751612903227
23/07/2025,Radio,northern,3643.956451612903
23/07/2025,Radio,southern,1637.4541935483871
23/07/2025,Radio,western,1442.5774193548386
23/07/2025,Television,central,317.76129032258063
23/07/2025,Television,eastern,7174.891612903226
23/07/2025,Television,northern,8724.777096774193
23/07/2025,Television,southern,4560.661290322581
23/07/2025,Television,western,2871.8390322580644
23/08/2025,Internet,eastern,87.14516129032258
23/08/2025,Internet,northern,245.97290322580645
23/08/2025,Internet,southern,329.7961290322581
23/08/2025,Internet,western,72.62096774193549
23/08/2025,Press,western,639.0645161290323
23/08/2025,Production & Installation,western,19.364516129032257
23/08/2025,Radio,central,278.17161290322576
23/08/2025,Radio,eastern,1893.1393548387098
23/08/2025,Radio,northern,4009.928709677419
23/08/2025,Radio,southern,1497.768064516129
23/08/2025,Radio,western,1921.99
23/08/2025,Television,central,311.4874193548387
23/08/2025,Television,eastern,7472.734193548387
23/08/2025,Television,northern,9884.253870967743
23/08/2025,Television,southern,3781.643870967742
23/08/2025,Television,western,3039.304516129032
23/09/2025,Internet,eastern,90.05
23/09/2025,Internet,northern,254.20200000000003
23/09/2025,Internet,southern,319.2083333333333
23/09/2025,Internet,western,45.025
23/09/2025,Press,western,330.18333333333334
23/09/2025,Production & Installation,western,20.009999999999998
23/09/2025,Radio,central,316.55966666666666
23/09/2025,Radio,eastern,1709.5303333333334
23/09/2025,Radio,northern,3492.4126666666666
23/09/2025,Radio,southern,1484.6016666666667
23/09/2025,Radio,western,1086.7553333333335
23/09/2025,Television,central,200.21166666666667
23/09/2025,Television,eastern,9402.355
23/09/2025,Television,northern,10718.037666666667
23/09/2025,Television,southern,7316.226333333334
23/09/2025,Television,western,2740.5029999999997
24/07/2025,Internet,eastern,2644.875161290323
24/07/2025,Internet,northern,246.0316129032258
24/07/2025,Internet,southern,308.8816129032258
24/07/2025,Internet,western,58.096774193548384
24/07/2025,Press,western,421.20161290322585
24/07/2025,Production & Installation,western,31.79
24/07/2025,Radio,central,285.4916129032258
24/07/2025,Radio,eastern,2203.5751612903227
24/07/2025,Radio,northern,3643.956451612903
24/07/2025,Radio,southern,1637.4541935483871
24/07/2025,Radio,western,1442.5774193548386
24/07/2025,Television,central,317.76129032258063
24/07/2025,Television,eastern,7174.891612903226
24/07/2025,Television,northern,8724.777096774193
24/07/2025,Television,southern,4560.661290322581
24/07/2025,Television,western,2871.8390322580644
24/08/2025,Internet,eastern,87.14516129032258
24/08/2025,Internet,northern,245.97290322580645
24/08/2025,Internet,southern,329.7961290322581
24/08/2025,Internet,western,72.62096774193549
24/08/2025,Press,western,639.0645161290323
24/08/2025,Production & Installation,western,19.364516129032257
24/08/2025,Radio,central,278.17161290322576
24/08/2025,Radio,eastern,1893.1393548387098
24/08/2025,Radio,northern,4009.928709677419
24/08/2025,Radio,southern,1497.768064516129
24/08/2025,Radio,western,1921.99
24/08/2025,Television,central,311.4874193548387
24/08/2025,Television,eastern,7472.734193548387
24/08/2025,Television,northern,9884.253870967743
24/08/2025,Television,southern,3781.643870967742
24/08/2025,Television,western,3039.304516129032
24/09/2025,Internet,eastern,90.05
24/09/2025,Internet,northern,254.20200000000003
24/09/2025,Internet,southern,319.2083333333333
24/09/2025,Internet,western,45.025
24/09/2025,Press,western,330.18333333333334
24/09/2025,Production & Installation,western,20.009999999999998
24/09/2025,Radio,central,316.55966666666666
24/09/2025,Radio,eastern,1709.5303333333334
24/09/2025,Radio,northern,3492.4126666666666
24/09/2025,Radio,southern,1484.6016666666667
24/09/2025,Radio,western,1086.7553333333335
24/09/2025,Television,central,200.21166666666667
24/09/2025,Television,eastern,9402.355
24/09/2025,Television,northern,10718.037666666667
24/09/2025,Television,southern,7316.226333333334
24/09/2025,Television,western,2740.5029999999997
25/07/2025,Internet,eastern,2644.875161290323
25/07/2025,Internet,northern,246.0316129032258
25/07/2025,Internet,southern,308.8816129032258
25/07/2025,Internet,western,58.096774193548384
25/07/2025,Press,western,421.20161290322585
25/07/2025,Production & Installation,western,31.79
25/07/2025,Radio,central,285.4916129032258
25/07/2025,Radio,eastern,2203.5751612903227
25/07/2025,Radio,northern,3643.956451612903
25/07/2025,Radio,southern,1637.4541935483871
25/07/2025,Radio,western,1442.5774193548386
25/07/2025,Television,central,317.76129032258063
25/07/2025,Television,eastern,7174.891612903226
25/07/2025,Television,northern,8724.777096774193
25/07/2025,Television,southern,4560.661290322581
25/07/2025,Television,western,2871.8390322580644
25/08/2025,Internet,eastern,87.14516129032258
25/08/2025,Internet,northern,245.97290322580645
25/08/2025,Internet,southern,329.7961290322581
25/08/2025,Internet,western,72.62096774193549
25/08/2025,Press,western,639.0645161290323
25/08/2025,Production & Installation,western,19.364516129032257
25/08/2025,Radio,central,278.17161290322576
25/08/2025,Radio,eastern,1893.1393548387098
25/08/2025,Radio,northern,4009.928709677419
25/08/2025,Radio,southern,1497.768064516129
25/08/2025,Radio,western,1921.99
25/08/2025,Television,central,311.4874193548387
25/08/2025,Television,eastern,7472.734193548387
25/08/2025,Television,northern,9884.253870967743
25/08/2025,Television,southern,3781.643870967742
25/08/2025,Television,western,3039.304516129032
25/09/2025,Internet,eastern,90.05
25/09/2025,Internet,northern,254.20200000000003
25/09/2025,Internet,southern,319.2083333333333
25/09/2025,Internet,western,45.025
25/09/2025,Press,western,330.18333333333334
25/09/2025,Production & Installation,western,20.009999999999998
25/09/2025,Radio,central,316.55966666666666
25/09/2025,Radio,eastern,1709.5303333333334
25/09/2025,Radio,northern,3492.4126666666666
25/09/2025,Radio,southern,1484.6016666666667
25/09/2025,Radio,western,1086.7553333333335
25/09/2025,Television,central,200.21166666666667
25/09/2025,Television,eastern,9402.355
25/09/2025,Television,northern,10718.037666666667
25/09/2025,Television,southern,7316.226333333334
25/09/2025,Television,western,2740.5029999999997
26/07/2025,Internet,eastern,2644.875161290323
26/07/2025,Internet,northern,246.0316129032258
26/07/2025,Internet,southern,308.8816129032258
26/07/2025,Internet,western,58.096774193548384
26/07/2025,Press,western,421.20161290322585
26/07/2025,Production & Installation,western,31.79
26/07/2025,Radio,central,285.4916129032258
26/07/2025,Radio,eastern,2203.5751612903227
26/07/2025,Radio,northern,3643.956451612903
26/07/2025,Radio,southern,1637.4541935483871
26/07/2025,Radio,western,1442.5774193548386
26/07/2025,Television,central,317.76129032258063
26/07/2025,Television,eastern,7174.891612903226
26/07/2025,Television,northern,8724.777096774193
26/07/2025,Television,southern,4560.661290322581
26/07/2025,Television,western,2871.8390322580644
26/08/2025,Internet,eastern,87.14516129032258
26/08/2025,Internet,northern,245.97290322580645
26/08/2025,Internet,southern,329.7961290322581
26/08/2025,Internet,western,72.62096774193549
26/08/2025,Press,western,639.0645161290323
26/08/2025,Production & Installation,western,19.364516129032257
26/08/2025,Radio,central,278.17161290322576
26/08/2025,Radio,eastern,1893.1393548387098
26/08/2025,Radio,northern,4009.928709677419
26/08/2025,Radio,southern,1497.768064516129
26/08/2025,Radio,western,1921.99
26/08/2025,Television,central,311.4874193548387
26/08/2025,Television,eastern,7472.734193548387
26/08/2025,Television,northern,9884.253870967743
26/08/2025,Television,southern,3781.643870967742
26/08/2025,Television,western,3039.304516129032
26/09/2025,Internet,eastern,90.05
26/09/2025,Internet,northern,254.20200000000003
26/09/2025,Internet,southern,319.2083333333333
26/09/2025,Internet,western,45.025
26/09/2025,Press,western,330.18333333333334
26/09/2025,Production & Installation,western,20.009999999999998
26/09/2025,Radio,central,316.55966666666666
26/09/2025,Radio,eastern,1709.5303333333334
26/09/2025,Radio,northern,3492.4126666666666
26/09/2025,Radio,southern,1484.6016666666667
26/09/2025,Radio,western,1086.7553333333335
26/09/2025,Television,central,200.21166666666667
26/09/2025,Television,eastern,9402.355
26/09/2025,Television,northern,10718.037666666667
26/09/2025,Television,southern,7316.226333333334
26/09/2025,Television,western,2740.5029999999997
27/07/2025,Internet,eastern,2644.875161290323
27/07/2025,Internet,northern,246.0316129032258
27/07/2025,Internet,southern,308.8816129032258
27/07/2025,Internet,western,58.096774193548384
27/07/2025,Press,western,421.20161290322585
27/07/2025,Production & Installation,western,31.79
27/07/2025,Radio,central,285.4916129032258
27/07/2025,Radio,eastern,2203.5751612903227
27/07/2025,Radio,northern,3643.956451612903
27/07/2025,Radio,southern,1637.4541935483871
27/07/2025,Radio,western,1442.5774193548386
27/07/2025,Television,central,317.76129032258063
27/07/2025,Television,eastern,7174.891612903226
27/07/2025,Television,northern,8724.777096774193
27/07/2025,Television,southern,4560.661290322581
27/07/2025,Television,western,2871.8390322580644
27/08/2025,Internet,eastern,87.14516129032258
27/08/2025,Internet,northern,245.97290322580645
27/08/2025,Internet,southern,329.7961290322581
27/08/2025,Internet,western,72.62096774193549
27/08/2025,Press,western,639.0645161290323
27/08/2025,Production & Installation,western,19.364516129032257
27/08/2025,Radio,central,278.17161290322576
27/08/2025,Radio,eastern,1893.1393548387098
27/08/2025,Radio,northern,4009.928709677419
27/08/2025,Radio,southern,1497.768064516129
27/08/2025,Radio,western,1921.99
27/08/2025,Television,central,311.4874193548387
27/08/2025,Television,eastern,7472.734193548387
27/08/2025,Television,northern,9884.253870967743
27/08/2025,Television,southern,3781.643870967742
27/08/2025,Television,western,3039.304516129032
27/09/2025,Internet,eastern,90.05
27/09/2025,Internet,northern,254.20200000000003
27/09/2025,Internet,southern,319.2083333333333
27/09/2025,Internet,western,45.025
27/09/2025,Press,western,330.18333333333334
27/09/2025,Production & Installation,western,20.009999999999998
27/09/2025,Radio,central,316.55966666666666
27/09/2025,Radio,eastern,1709.5303333333334
27/09/2025,Radio,northern,3492.4126666666666
27/09/2025,Radio,southern,1484.6016666666667
27/09/2025,Radio,western,1086.7553333333335
27/09/2025,Television,central,200.21166666666667
27/09/2025,Television,eastern,9402.355
27/09/2025,Television,northern,10718.037666666667
27/09/2025,Television,southern,7316.226333333334
27/09/2025,Television,western,2740.5029999999997
28/07/2025,Internet,eastern,2644.875161290323
28/07/2025,Internet,northern,246.0316129032258
28/07/2025,Internet,southern,308.8816129032258
28/07/2025,Internet,western,58.096774193548384
28/07/2025,Press,western,421.20161290322585
28/07/2025,Production & Installation,western,31.79
28/07/2025,Radio,central,285.4916129032258
28/07/2025,Radio,eastern,2203.5751612903227
28/07/2025,Radio,northern,3643.956451612903
28/07/2025,Radio,southern,1637.4541935483871
28/07/2025,Radio,western,1442.5774193548386
28/07/2025,Television,central,317.76129032258063
28/07/2025,Television,eastern,7174.891612903226
28/07/2025,Television,northern,8724.777096774193
28/07/2025,Television,southern,4560.661290322581
28/07/2025,Television,western,2871.8390322580644
28/08/2025,Internet,eastern,87.14516129032258
28/08/2025,Internet,northern,245.97290322580645
28/08/2025,Internet,southern,329.7961290322581
28/08/2025,Internet,western,72.62096774193549
28/08/2025,Press,western,639.0645161290323
28/08/2025,Production & Installation,western,19.364516129032257
28/08/2025,Radio,central,278.17161290322576
28/08/2025,Radio,eastern,1893.1393548387098
28/08/2025,Radio,northern,4009.928709677419
28/08/2025,Radio,southern,1497.768064516129
28/08/2025,Radio,western,1921.99
28/08/2025,Television,central,311.4874193548387
28/08/2025,Television,eastern,7472.734193548387
28/08/2025,Television,northern,9884.253870967743
28/08/2025,Television,southern,3781.643870967742
28/08/2025,Television,western,3039.304516129032
28/09/2025,Internet,eastern,90.05
28/09/2025,Internet,northern,254.20200000000003
28/09/2025,Internet,southern,319.2083333333333
28/09/2025,Internet,western,45.025
28/09/2025,Press,western,330.18333333333334
28/09/2025,Production & Installation,western,20.009999999999998
28/09/2025,Radio,central,316.55966666666666
28/09/2025,Radio,eastern,1709.5303333333334
28/09/2025,Radio,northern,3492.4126666666666
28/09/2025,Radio,southern,1484.6016666666667
28/09/2025,Radio,western,1086.7553333333335
28/09/2025,Television,central,200.21166666666667
28/09/2025,Television,eastern,9402.355
28/09/2025,Television,northern,10718.037666666667
28/09/2025,Television,southern,7316.226333333334
28/09/2025,Television,western,2740.5029999999997
29/07/2025,Internet,eastern,2644.875161290323
29/07/2025,Internet,northern,246.0316129032258
29/07/2025,Internet,southern,308.8816129032258
29/07/2025,Internet,western,58.096774193548384
29/07/2025,Press,western,421.20161290322585
29/07/2025,Production & Installation,western,31.79
29/07/2025,Radio,central,285.4916129032258
29/07/2025,Radio,eastern,2203.5751612903227
29/07/2025,Radio,northern,3643.956451612903
29/07/2025,Radio,southern,1637.4541935483871
29/07/2025,Radio,western,1442.5774193548386
29/07/2025,Television,central,317.76129032258063
29/07/2025,Television,eastern,7174.891612903226
29/07/2025,Television,northern,8724.777096774193
29/07/2025,Television,southern,4560.661290322581
29/07/2025,Television,western,2871.8390322580644
29/08/2025,Internet,eastern,87.14516129032258
29/08/2025,Internet,northern,245.97290322580645
29/08/2025,Internet,southern,329.7961290322581
29/08/2025,Internet,western,72.62096774193549
29/08/2025,Press,western,639.0645161290323
29/08/2025,Production & Installation,western,19.364516129032257
29/08/2025,Radio,central,278.17161290322576
29/08/2025,Radio,eastern,1893.1393548387098
29/08/2025,Radio,northern,4009.928709677419
29/08/2025,Radio,southern,1497.768064516129
29/08/2025,Radio,western,1921.99
29/08/2025,Television,central,311.4874193548387
29/08/2025,Television,eastern,7472.734193548387
29/08/2025,Television,northern,9884.253870967743
29/08/2025,Television,southern,3781.643870967742
29/08/2025,Television,western,3039.304516129032
29/09/2025,Internet,eastern,90.05
29/09/2025,Internet,northern,254.20200000000003
29/09/2025,Internet,southern,319.2083333333333
29/09/2025,Internet,western,45.025
29/09/2025,Press,western,330.18333333333334
29/09/2025,Production & Installation,western,20.009999999999998
29/09/2025,Radio,central,316.55966666666666
29/09/2025,Radio,eastern,1709.5303333333334
29/09/2025,Radio,northern,3492.4126666666666
29/09/2025,Radio,southern,1484.6016666666667
29/09/2025,Radio,western,1086.7553333333335
29/09/2025,Television,central,200.21166666666667
29/09/2025,Television,eastern,9402.355
29/09/2025,Television,northern,10718.037666666667
29/09/2025,Television,southern,7316.226333333334
29/09/2025,Television,western,2740.5029999999997
30/07/2025,Internet,eastern,2644.875161290323
30/07/2025,Internet,northern,246.0316129032258
30/07/2025,Internet,southern,308.8816129032258
30/07/2025,Internet,western,58.096774193548384
30/07/2025,Press,western,421.20161290322585
30/07/2025,Production & Installation,western,31.79
30/07/2025,Radio,central,285.4916129032258
30/07/2025,Radio,eastern,2203.5751612903227
30/07/2025,Radio,northern,3643.956451612903
30/07/2025,Radio,southern,1637.4541935483871
30/07/2025,Radio,western,1442.5774193548386
30/07/2025,Television,central,317.76129032258063
30/07/2025,Television,eastern,7174.891612903226
30/07/2025,Television,northern,8724.777096774193
30/07/2025,Television,southern,4560.661290322581
30/07/2025,Television,western,2871.8390322580644
30/08/2025,Internet,eastern,87.14516129032258
30/08/2025,Internet,northern,245.97290322580645
30/08/2025,Internet,southern,329.7961290322581
30/08/2025,Internet,western,72.62096774193549
30/08/2025,Press,western,639.0645161290323
30/08/2025,Production & Installation,western,19.364516129032257
30/08/2025,Radio,central,278.17161290322576
30/08/2025,Radio,eastern,1893.1393548387098
30/08/2025,Radio,northern,4009.928709677419
30/08/2025,Radio,southern,1497.768064516129
30/08/2025,Radio,western,1921.99
30/08/2025,Television,central,311.4874193548387
30/08/2025,Television,eastern,7472.734193548387
30/08/2025,Television,northern,9884.253870967743
30/08/2025,Television,southern,3781.643870967742
30/08/2025,Television,western,3039.304516129032
30/09/2025,Internet,eastern,90.05
30/09/2025,Internet,northern,254.20200000000003
30/09/2025,Internet,southern,319.2083333333333
30/09/2025,Internet,western,45.025
30/09/2025,Press,western,330.18333333333334
30/09/2025,Production & Installation,western,20.009999999999998
30/09/2025,Radio,central,316.55966666666666
30/09/2025,Radio,eastern,1709.5303333333334
30/09/2025,Radio,northern,3492.4126666666666
30/09/2025,Radio,southern,1484.6016666666667
30/09/2025,Radio,western,1086.7553333333335
30/09/2025,Television,central,200.21166666666667
30/09/2025,Television,eastern,9402.355
30/09/2025,Television,northern,10718.037666666667
30/09/2025,Television,southern,7316.226333333334
30/09/2025,Television,western,2740.5029999999997
31/07/2025,Internet,eastern,2644.875161290323
31/07/2025,Internet,northern,246.0316129032258
31/07/2025,Internet,southern,308.8816129032258
31/07/2025,Internet,western,58.096774193548384
31/07/2025,Press,western,421.20161290322585
31/07/2025,Production & Installation,western,31.79
31/07/2025,Radio,central,285.4916129032258
31/07/2025,Radio,eastern,2203.5751612903227
31/07/2025,Radio,northern,3643.956451612903
31/07/2025,Radio,southern,1637.4541935483871
31/07/2025,Radio,western,1442.5774193548386
31/07/2025,Television,central,317.76129032258063
31/07/2025,Television,eastern,7174.891612903226
31/07/2025,Television,northern,8724.777096774193
31/07/2025,Television,southern,4560.661290322581
31/07/2025,Television,western,2871.8390322580644
31/08/2025,Internet,eastern,87.14516129032258
31/08/2025,Internet,northern,245.97290322580645
31/08/2025,Internet,southern,329.7961290322581
31/08/2025,Internet,western,72.62096774193549
31/08/2025,Press,western,639.0645161290323
31/08/2025,Production & Installation,western,19.364516129032257
31/08/2025,Radio,central,278.17161290322576
31/08/2025,Radio,eastern,1893.1393548387098
31/08/2025,Radio,northern,4009.928709677419
31/08/2025,Radio,southern,1497.768064516129
31/08/2025,Radio,western,1921.99
31/08/2025,Television,central,311.4874193548387
31/08/2025,Television,eastern,7472.734193548387
31/08/2025,Television,northern,9884.253870967743
31/08/2025,Television,southern,3781.643870967742
31/08/2025,Television,western,3039.304516129032
